SVID,Constellation,Frequency,Min C/No,Max C/No,Ave C/No,NaN
8,1,1,11.948381,91.000000,91.000000,91.000000
91,91,91,91.000000,91.000000,91.000000,91.000000
91,91,91,91.000000,91.000000,91.000000,91.000000
91,91,91,91.000000,91.000000,91.000000,91.000000
91,91,91,91.000000,91.000000,91.000000,91.000000
91,91,91,91.000000,91.000000,91.000000,91.000000
91,91,91,91.000000,91.000000,91.000000,91.000000
91,91,91,91.000000,91.000000,91.000000,91.000000
91,91,91,91.000000,91.000000,91.000000,91.000000
91,91,91,91.000000,91.000000,91.000000,91.000000
91,91,91,91.000000,91.000000,91.000000,91.000000
91,91,91,91.000000,91.000000,91.000000,91.000000
91,91,91,91.000000,91.000000,91.000000,91.000000
91,91,91,91.000000,91.000000,91.000000,91.000000
91,91,91,91.000000,91.000000,91.000000,91.000000
91,91,91,91.000000,91.000000,91.000000,91.000000
91,91,91,91.000000,91.000000,91.000000,91.000000
91,91,91,91.000000,91.000000,91.000000,91.000000
91,91,91,91.000000,91.000000,91.000000,91.000000
91,91,91,91.000000,91.000000,91.000000,91.000000
91,91,91,91.000000,91.000000,91.000000,91.000000
91,91,91,91.000000,91.000000,91.000000,91.000000
91,91,91,91.000000,91.000000,91.000000,91.000000
91,91,91,91.000000,91.000000,91.000000,91.000000
91,91,91,91.000000,91.000000,91.000000,91.000000
91,91,91,91.000000,91.000000,91.000000,91.000000
91,91,91,91.000000,91.000000,91.000000,91.000000
91,91,91,91.000000,91.000000,91.000000,91.000000
91,91,91,91.000000,91.000000,91.000000,91.000000
91,91,91,91.000000,91.000000,91.000000,91.000000
91,91,91,91.000000,91.000000,91.000000,91.000000
91,91,91,91.000000,91.000000,91.000000,91.000000
91,91,91,91.000000,91.000000,91.000000,91.000000
91,91,91,91.000000,91.000000,91.000000,91.000000
91,91,91,91.000000,91.000000,91.000000,91.000000
91,91,91,91.000000,91.000000,91.000000,91.000000
91,91,91,91.000000,91.000000,91.000000,91.000000
91,91,91,91.000000,91.000000,91.000000,91.000000
91,91,91,91.000000,91.000000,91.000000,91.000000
91,91,91,91.000000,91.000000,91.000000,91.000000
91,91,91,91.000000,91.000000,91.000000,91.000000
91,91,91,91.000000,91.000000,91.000000,91.000000
91,91,91,91.000000,91.000000,91.000000,91.000000
91,91,93,93.000000,93.000000,93.000000,93.000000
93,93,93,93.000000,93.000000,93.000000,93.000000
93,93,93,93.000000,93.000000,93.000000,93.000000
93,93,93,93.000000,93.000000,93.000000,93.000000
93,93,93,93.000000,93.000000,93.000000,93.000000
93,93,93,93.000000,93.000000,93.000000,93.000000
93,93,93,93.000000,93.000000,93.000000,93.000000
93,93,93,93.000000,93.000000,93.000000,93.000000
93,93,93,93.000000,93.000000,93.000000,93.000000
93,93,93,93.000000,93.000000,93.000000,93.000000
93,93,93,93.000000,93.000000,93.000000,93.000000
93,93,93,93.000000,93.000000,93.000000,93.000000
93,93,93,93.000000,93.000000,93.000000,93.000000
93,93,93,93.000000,93.000000,93.000000,93.000000
93,93,93,93.000000,93.000000,93.000000,93.000000
93,93,93,93.000000,93.000000,93.000000,93.000000
93,93,93,93.000000,93.000000,93.000000,93.000000
93,93,93,93.000000,93.000000,93.000000,93.000000
93,93,93,93.000000,93.000000,93.000000,93.000000
93,93,93,93.000000,93.000000,93.000000,93.000000
93,93,93,93.000000,93.000000,93.000000,93.000000
93,93,93,93.000000,93.000000,93.000000,93.000000
93,93,93,93.000000,93.000000,93.000000,93.000000
93,93,93,93.000000,93.000000,93.000000,93.000000
93,93,93,93.000000,93.000000,93.000000,93.000000
93,93,93,93.000000,93.000000,93.000000,93.000000
93,93,93,93.000000,93.000000,93.000000,93.000000
93,93,93,93.000000,93.000000,93.000000,93.000000
93,93,93,93.000000,93.000000,93.000000,93.000000
93,93,93,93.000000,93.000000,93.000000,93.000000
93,93,93,93.000000,93.000000,93.000000,93.000000
93,93,93,93.000000,93.000000,93.000000,93.000000
93,93,93,93.000000,93.000000,93.000000,93.000000
93,93,93,93.000000,93.000000,93.000000,93.000000
93,93,93,93.000000,93.000000,93.000000,93.000000
93,93,93,93.000000,93.000000,93.000000,93.000000
93,93,93,93.000000,93.000000,93.000000,93.000000
93,93,93,93.000000,93.000000,93.000000,93.000000
93,93,93,93.000000,93.000000,93.000000,93.000000
93,93,93,93.000000,93.000000,93.000000,93.000000
93,93,93,93.000000,93.000000,93.000000,93.000000
93,93,93,93.000000,93.000000,93.000000,93.000000
93,93,93,93.000000,93.000000,93.000000,93.000000
1.741750e+01,3.333333e-03,8,1,5,24.694407,91.000000,91.000000,91.000000
91,91,91,91.000000,91.000000,91.000000,91.000000
91,91,91,91.000000,91.000000,91.000000,91.000000
91,91,91,91.000000,91.000000,91.000000,91.000000
91,91,91,91.000000,91.000000,91.000000,91.000000
91,91,91,91.000000,91.000000,91.000000,91.000000
91,91,91,91.000000,91.000000,91.000000,91.000000
91,91,91,91.000000,91.000000,91.000000,91.000000
91,91,91,91.000000,91.000000,91.000000,91.000000
91,91,91,91.000000,91.000000,91.000000,91.000000
91,91,91,91.000000,91.000000,91.000000,91.000000
91,91,91,91.000000,91.000000,91.000000,91.000000
91,91,91,91.000000,91.000000,91.000000,91.000000
91,91,91,91.000000,91.000000,91.000000,91.000000
91,91,91,91.000000,91.000000,91.000000,91.000000
91,91,91,91.000000,91.000000,91.000000,91.000000
91,91,91,91.000000,91.000000,91.000000,91.000000
91,91,91,91.000000,91.000000,91.000000,91.000000
91,91,91,91.000000,91.000000,91.000000,91.000000
91,91,91,91.000000,91.000000,91.000000,91.000000
91,91,91,91.000000,91.000000,91.000000,91.000000
91,91,91,91.000000,91.000000,91.000000,91.000000
91,91,91,91.000000,91.000000,91.000000,91.000000
91,91,91,91.000000,91.000000,91.000000,91.000000
91,91,91,91.000000,91.000000,91.000000,91.000000
91,91,91,91.000000,91.000000,91.000000,91.000000
91,91,91,91.000000,91.000000,91.000000,91.000000
91,91,91,91.000000,91.000000,91.000000,91.000000
91,91,91,91.000000,91.000000,91.000000,91.000000
91,91,91,91.000000,91.000000,91.000000,91.000000
91,91,91,91.000000,91.000000,91.000000,91.000000
91,91,91,91.000000,91.000000,91.000000,91.000000
91,91,91,91.000000,91.000000,91.000000,91.000000
91,91,91,91.000000,91.000000,91.000000,91.000000
91,91,91,91.000000,91.000000,91.000000,91.000000
91,91,91,91.000000,91.000000,91.000000,91.000000
91,91,91,91.000000,91.000000,91.000000,91.000000
91,91,91,91.000000,91.000000,91.000000,91.000000
91,91,91,91.000000,91.000000,91.000000,91.000000
91,91,91,91.000000,91.000000,91.000000,91.000000
91,91,91,91.000000,91.000000,91.000000,91.000000
91,91,91,91.000000,91.000000,91.000000,91.000000
91,91,91,91.000000,91.000000,91.000000,91.000000
91,91,91,93.000000,93.000000,93.000000,93.000000
93,93,93,93.000000,93.000000,93.000000,93.000000
93,93,93,93.000000,93.000000,93.000000,93.000000
93,93,93,93.000000,93.000000,93.000000,93.000000
93,93,93,93.000000,93.000000,93.000000,93.000000
93,93,93,93.000000,93.000000,93.000000,93.000000
93,93,93,93.000000,93.000000,93.000000,93.000000
93,93,93,93.000000,93.000000,93.000000,93.000000
93,93,93,93.000000,93.000000,93.000000,93.000000
93,93,93,93.000000,93.000000,93.000000,93.000000
93,93,93,93.000000,93.000000,93.000000,93.000000
93,93,93,93.000000,93.000000,93.000000,93.000000
93,93,93,93.000000,93.000000,93.000000,93.000000
93,93,93,93.000000,93.000000,93.000000,93.000000
93,93,93,93.000000,93.000000,93.000000,93.000000
93,93,93,93.000000,93.000000,93.000000,93.000000
93,93,93,93.000000,93.000000,93.000000,93.000000
93,93,93,93.000000,93.000000,93.000000,93.000000
93,93,93,93.000000,93.000000,93.000000,93.000000
93,93,93,93.000000,93.000000,93.000000,93.000000
93,93,93,93.000000,93.000000,93.000000,93.000000
93,93,93,93.000000,93.000000,93.000000,93.000000
93,93,93,93.000000,93.000000,93.000000,93.000000
93,93,93,93.000000,93.000000,93.000000,93.000000
93,93,93,93.000000,93.000000,93.000000,93.000000
93,93,93,93.000000,93.000000,93.000000,93.000000
93,93,93,93.000000,93.000000,93.000000,93.000000
93,93,93,93.000000,93.000000,93.000000,93.000000
93,93,93,93.000000,93.000000,93.000000,93.000000
93,93,93,93.000000,93.000000,93.000000,93.000000
93,93,93,93.000000,93.000000,93.000000,93.000000
93,93,93,93.000000,93.000000,93.000000,93.000000
93,93,93,93.000000,93.000000,93.000000,93.000000
93,93,93,93.000000,93.000000,93.000000,93.000000
93,93,93,93.000000,93.000000,93.000000,93.000000
93,93,93,93.000000,93.000000,93.000000,93.000000
93,93,93,93.000000,93.000000,93.000000,93.000000
93,93,93,93.000000,93.000000,93.000000,93.000000
93,93,93,93.000000,93.000000,93.000000,93.000000
93,93,93,93.000000,93.000000,93.000000,93.000000
93,93,93,93.000000,93.000000,93.000000,93.000000
93,93,93,93.000000,93.000000,93.000000,93.000000
93,93,93,93.000000,93.000000,93.000000,93.000000
93,93,2.854755e+01,0.000000,10,1,1,21.702644,91.000000,91.000000,91.000000
91,91,91,91.000000,91.000000,91.000000,91.000000
91,91,91,91.000000,91.000000,91.000000,91.000000
91,91,91,91.000000,91.000000,91.000000,91.000000
91,91,91,91.000000,91.000000,91.000000,91.000000
91,91,91,91.000000,91.000000,91.000000,91.000000
91,91,91,91.000000,91.000000,91.000000,91.000000
91,91,91,91.000000,91.000000,91.000000,91.000000
91,91,91,91.000000,91.000000,91.000000,91.000000
91,91,91,91.000000,91.000000,91.000000,91.000000
91,91,91,91.000000,91.000000,91.000000,91.000000
91,91,91,91.000000,91.000000,91.000000,91.000000
91,91,91,91.000000,91.000000,91.000000,91.000000
91,91,91,91.000000,91.000000,91.000000,91.000000
91,91,91,91.000000,91.000000,91.000000,91.000000
91,91,91,91.000000,91.000000,91.000000,91.000000
91,91,91,91.000000,91.000000,91.000000,91.000000
91,91,91,91.000000,91.000000,91.000000,91.000000
91,91,91,91.000000,91.000000,91.000000,91.000000
91,91,91,91.000000,91.000000,91.000000,91.000000
91,91,91,91.000000,91.000000,91.000000,91.000000
91,91,91,91.000000,91.000000,91.000000,91.000000
91,91,91,91.000000,91.000000,91.000000,91.000000
91,91,91,91.000000,91.000000,91.000000,91.000000
91,91,91,91.000000,91.000000,91.000000,91.000000
91,91,91,91.000000,91.000000,91.000000,91.000000
91,91,91,91.000000,91.000000,91.000000,91.000000
91,91,91,91.000000,91.000000,91.000000,91.000000
91,91,91,91.000000,91.000000,91.000000,91.000000
91,91,91,91.000000,91.000000,91.000000,91.000000
91,91,91,91.000000,91.000000,91.000000,91.000000
91,91,91,91.000000,91.000000,91.000000,91.000000
91,91,91,91.000000,91.000000,91.000000,91.000000
91,91,91,91.000000,91.000000,91.000000,91.000000
91,91,91,91.000000,91.000000,91.000000,91.000000
91,91,91,91.000000,91.000000,91.000000,91.000000
91,91,91,91.000000,91.000000,91.000000,91.000000
91,91,91,91.000000,91.000000,91.000000,91.000000
91,91,91,91.000000,91.000000,91.000000,91.000000
91,91,91,91.000000,91.000000,91.000000,91.000000
91,91,91,91.000000,91.000000,91.000000,91.000000
91,91,91,91.000000,91.000000,91.000000,91.000000
91,91,91,91.000000,91.000000,91.000000,91.000000
91,91,91,93.000000,93.000000,93.000000,93.000000
93,93,93,93.000000,93.000000,93.000000,93.000000
93,93,93,93.000000,93.000000,93.000000,93.000000
93,93,93,93.000000,93.000000,93.000000,93.000000
93,93,93,93.000000,93.000000,93.000000,93.000000
93,93,93,93.000000,93.000000,93.000000,93.000000
93,93,93,93.000000,93.000000,93.000000,93.000000
93,93,93,93.000000,93.000000,93.000000,93.000000
93,93,93,93.000000,93.000000,93.000000,93.000000
93,93,93,93.000000,93.000000,93.000000,93.000000
93,93,93,93.000000,93.000000,93.000000,93.000000
93,93,93,93.000000,93.000000,93.000000,93.000000
93,93,93,93.000000,93.000000,93.000000,93.000000
93,93,93,93.000000,93.000000,93.000000,93.000000
93,93,93,93.000000,93.000000,93.000000,93.000000
93,93,93,93.000000,93.000000,93.000000,93.000000
93,93,93,93.000000,93.000000,93.000000,93.000000
93,93,93,93.000000,93.000000,93.000000,93.000000
93,93,93,93.000000,93.000000,93.000000,93.000000
93,93,93,93.000000,93.000000,93.000000,93.000000
93,93,93,93.000000,93.000000,93.000000,93.000000
93,93,93,93.000000,93.000000,93.000000,93.000000
93,93,93,93.000000,93.000000,93.000000,93.000000
93,93,93,93.000000,93.000000,93.000000,93.000000
93,93,93,93.000000,93.000000,93.000000,93.000000
93,93,93,93.000000,93.000000,93.000000,93.000000
93,93,93,93.000000,93.000000,93.000000,93.000000
93,93,93,93.000000,93.000000,93.000000,93.000000
93,93,93,93.000000,93.000000,93.000000,93.000000
93,93,93,93.000000,93.000000,93.000000,93.000000
93,93,93,93.000000,93.000000,93.000000,93.000000
93,93,93,93.000000,93.000000,93.000000,93.000000
93,93,93,93.000000,93.000000,93.000000,93.000000
93,93,93,93.000000,93.000000,93.000000,93.000000
93,93,93,93.000000,93.000000,93.000000,93.000000
93,93,93,93.000000,93.000000,93.000000,93.000000
93,93,93,93.000000,93.000000,93.000000,93.000000
93,93,93,93.000000,93.000000,93.000000,93.000000
93,93,93,93.000000,93.000000,93.000000,93.000000
93,93,93,93.000000,93.000000,93.000000,93.000000
93,93,93,93.000000,93.000000,93.000000,93.000000
93,93,93,93.000000,93.000000,93.000000,93.000000
93,93,93,93.000000,93.000000,93.000000,93.000000
93,93,2.461482e+01,0.000000,10,1,5,17.112995,91.000000,91.000000,91.000000
91,91,91,91.000000,91.000000,91.000000,91.000000
91,91,91,91.000000,91.000000,91.000000,91.000000
91,91,91,91.000000,91.000000,91.000000,91.000000
91,91,91,91.000000,91.000000,91.000000,91.000000
91,91,91,91.000000,91.000000,91.000000,91.000000
91,91,91,91.000000,91.000000,91.000000,91.000000
91,91,91,91.000000,91.000000,91.000000,91.000000
91,91,91,91.000000,91.000000,91.000000,91.000000
91,91,91,91.000000,91.000000,91.000000,91.000000
91,91,91,91.000000,91.000000,91.000000,91.000000
91,91,91,91.000000,91.000000,91.000000,91.000000
91,91,91,91.000000,91.000000,91.000000,91.000000
91,91,91,91.000000,91.000000,91.000000,91.000000
91,91,91,91.000000,91.000000,91.000000,91.000000
91,91,91,91.000000,91.000000,91.000000,91.000000
91,91,91,91.000000,91.000000,91.000000,91.000000
91,91,91,91.000000,91.000000,91.000000,91.000000
91,91,91,91.000000,91.000000,91.000000,91.000000
91,91,91,91.000000,91.000000,91.000000,91.000000
91,91,91,91.000000,91.000000,91.000000,91.000000
91,91,91,91.000000,91.000000,91.000000,91.000000
91,91,91,91.000000,91.000000,91.000000,91.000000
91,91,91,91.000000,91.000000,91.000000,91.000000
91,91,91,91.000000,91.000000,91.000000,91.000000
91,91,91,91.000000,91.000000,91.000000,91.000000
91,91,91,91.000000,91.000000,91.000000,91.000000
91,91,91,91.000000,91.000000,91.000000,91.000000
91,91,91,91.000000,91.000000,91.000000,91.000000
91,91,91,91.000000,91.000000,91.000000,91.000000
91,91,91,91.000000,91.000000,91.000000,91.000000
91,91,91,91.000000,91.000000,91.000000,91.000000
91,91,93,93.000000,93.000000,93.000000,93.000000
93,93,93,93.000000,93.000000,93.000000,93.000000
93,93,93,93.000000,93.000000,93.000000,93.000000
93,93,93,93.000000,93.000000,93.000000,93.000000
93,93,93,93.000000,93.000000,93.000000,93.000000
93,93,93,93.000000,93.000000,93.000000,93.000000
93,93,93,93.000000,93.000000,93.000000,93.000000
93,93,93,93.000000,93.000000,93.000000,93.000000
93,93,93,93.000000,93.000000,93.000000,93.000000
93,93,93,93.000000,93.000000,93.000000,93.000000
93,93,93,93.000000,93.000000,93.000000,93.000000
93,93,93,93.000000,93.000000,93.000000,93.000000
93,93,93,93.000000,93.000000,93.000000,93.000000
93,93,93,93.000000,93.000000,93.000000,93.000000
93,93,93,93.000000,93.000000,93.000000,93.000000
93,93,93,93.000000,93.000000,93.000000,93.000000
93,93,93,93.000000,93.000000,93.000000,93.000000
93,93,93,93.000000,93.000000,93.000000,93.000000
93,93,93,93.000000,93.000000,93.000000,93.000000
93,93,93,93.000000,93.000000,93.000000,93.000000
93,93,93,93.000000,93.000000,93.000000,93.000000
93,93,93,93.000000,93.000000,93.000000,93.000000
93,93,93,93.000000,93.000000,93.000000,93.000000
93,93,93,93.000000,93.000000,93.000000,93.000000
93,93,93,93.000000,93.000000,93.000000,93.000000
93,93,93,93.000000,93.000000,93.000000,93.000000
93,93,93,93.000000,93.000000,93.000000,93.000000
93,93,93,93.000000,93.000000,93.000000,93.000000
93,93,93,93.000000,93.000000,93.000000,93.000000
93,93,93,93.000000,93.000000,93.000000,93.000000
93,93,93,93.000000,93.000000,93.000000,93.000000
93,93,93,93.000000,93.000000,93.000000,93.000000
2.196549e+01,2.600000e-01,11,1,1,9.041719,91.000000,91.000000,91.000000
91,91,91,91.000000,91.000000,91.000000,91.000000
91,91,91,91.000000,91.000000,91.000000,91.000000
91,91,91,91.000000,91.000000,91.000000,91.000000
91,91,91,91.000000,91.000000,91.000000,91.000000
91,91,91,91.000000,91.000000,91.000000,91.000000
91,91,91,91.000000,91.000000,91.000000,91.000000
91,91,91,91.000000,91.000000,91.000000,91.000000
91,91,91,91.000000,91.000000,91.000000,91.000000
91,91,91,91.000000,91.000000,91.000000,91.000000
91,91,91,91.000000,91.000000,91.000000,91.000000
91,91,91,91.000000,91.000000,91.000000,91.000000
91,91,91,91.000000,91.000000,91.000000,91.000000
91,91,91,91.000000,91.000000,91.000000,91.000000
91,91,91,91.000000,91.000000,91.000000,91.000000
91,91,91,91.000000,91.000000,91.000000,91.000000
91,91,91,91.000000,91.000000,91.000000,91.000000
91,91,91,91.000000,91.000000,91.000000,91.000000
91,91,91,91.000000,91.000000,91.000000,91.000000
91,91,91,91.000000,91.000000,91.000000,91.000000
91,91,91,91.000000,91.000000,91.000000,91.000000
91,91,91,91.000000,91.000000,91.000000,91.000000
91,91,91,91.000000,91.000000,91.000000,91.000000
91,93,93,93.000000,93.000000,93.000000,93.000000
93,93,93,93.000000,93.000000,93.000000,93.000000
93,93,93,93.000000,93.000000,93.000000,93.000000
93,93,93,93.000000,93.000000,93.000000,93.000000
93,93,93,93.000000,93.000000,93.000000,93.000000
93,93,93,93.000000,93.000000,93.000000,93.000000
93,93,93,93.000000,93.000000,93.000000,93.000000
93,93,93,93.000000,93.000000,93.000000,93.000000
93,93,93,93.000000,93.000000,93.000000,93.000000
93,93,93,93.000000,93.000000,93.000000,93.000000
93,93,93,93.000000,93.000000,93.000000,93.000000
93,93,93,93.000000,93.000000,93.000000,93.000000
93,93,93,93.000000,93.000000,93.000000,93.000000
93,93,93,93.000000,93.000000,93.000000,93.000000
93,93,93,93.000000,93.000000,93.000000,93.000000
93,93,93,93.000000,93.000000,93.000000,93.000000
93,93,93,93.000000,93.000000,93.000000,93.000000
93,93,93,93.000000,93.000000,93.000000,93.000000
93,93,93,93.000000,93.000000,93.000000,93.000000
93,93,93,93.000000,93.000000,93.000000,93.000000
93,93,93,93.000000,93.000000,93.000000,93.000000
93,93,93,93.000000,93.000000,93.000000,93.000000
93,93,93,93.000000,93.000000,13.232565,0.473333
20,1,1,9.828716,91.000000,91.000000,91.000000
91,91,91,91.000000,91.000000,91.000000,91.000000
91,91,91,91.000000,91.000000,91.000000,91.000000
91,91,91,91.000000,91.000000,91.000000,91.000000
91,91,91,91.000000,91.000000,91.000000,91.000000
91,91,91,91.000000,91.000000,91.000000,91.000000
91,91,91,91.000000,91.000000,91.000000,91.000000
91,91,91,91.000000,91.000000,91.000000,91.000000
91,91,91,91.000000,91.000000,91.000000,91.000000
91,91,91,91.000000,91.000000,91.000000,91.000000
91,91,91,91.000000,91.000000,91.000000,91.000000
91,91,91,91.000000,91.000000,91.000000,91.000000
91,91,91,91.000000,91.000000,91.000000,91.000000
91,91,91,91.000000,91.000000,91.000000,91.000000
91,91,91,91.000000,91.000000,91.000000,91.000000
91,91,91,91.000000,91.000000,91.000000,91.000000
91,91,91,91.000000,91.000000,91.000000,91.000000
91,91,91,91.000000,91.000000,91.000000,91.000000
91,91,91,91.000000,91.000000,91.000000,91.000000
91,91,91,91.000000,91.000000,91.000000,91.000000
91,91,91,91.000000,91.000000,91.000000,91.000000
91,91,91,91.000000,91.000000,91.000000,91.000000
91,91,91,91.000000,91.000000,91.000000,91.000000
91,91,91,91.000000,91.000000,91.000000,91.000000
91,91,91,91.000000,91.000000,91.000000,91.000000
91,91,91,91.000000,91.000000,91.000000,91.000000
91,91,91,91.000000,91.000000,91.000000,91.000000
91,91,91,91.000000,91.000000,91.000000,91.000000
91,91,91,91.000000,91.000000,91.000000,91.000000
91,91,91,91.000000,91.000000,91.000000,91.000000
91,91,91,91.000000,91.000000,91.000000,91.000000
91,91,91,91.000000,91.000000,91.000000,91.000000
91,91,91,91.000000,91.000000,91.000000,91.000000
91,91,91,91.000000,91.000000,91.000000,91.000000
91,91,91,91.000000,91.000000,91.000000,91.000000
91,91,91,91.000000,91.000000,91.000000,91.000000
91,91,91,91.000000,91.000000,91.000000,91.000000
91,91,91,91.000000,91.000000,91.000000,91.000000
91,91,91,91.000000,91.000000,91.000000,91.000000
91,91,91,91.000000,91.000000,91.000000,91.000000
91,91,91,91.000000,91.000000,91.000000,91.000000
93,93,93,93.000000,93.000000,93.000000,93.000000
93,93,93,93.000000,93.000000,93.000000,93.000000
93,93,93,93.000000,93.000000,93.000000,93.000000
93,93,93,93.000000,93.000000,93.000000,93.000000
93,93,93,93.000000,93.000000,93.000000,93.000000
93,93,93,93.000000,93.000000,93.000000,93.000000
93,93,93,93.000000,93.000000,93.000000,93.000000
93,93,93,93.000000,93.000000,93.000000,93.000000
93,93,93,93.000000,93.000000,93.000000,93.000000
93,93,93,93.000000,93.000000,93.000000,93.000000
93,93,93,93.000000,93.000000,93.000000,93.000000
93,93,93,93.000000,93.000000,93.000000,93.000000
93,93,93,93.000000,93.000000,93.000000,93.000000
93,93,93,93.000000,93.000000,93.000000,93.000000
93,93,93,93.000000,93.000000,93.000000,93.000000
93,93,93,93.000000,93.000000,93.000000,93.000000
93,93,93,93.000000,93.000000,93.000000,93.000000
93,93,93,93.000000,93.000000,93.000000,93.000000
93,93,93,93.000000,93.000000,93.000000,93.000000
93,93,93,93.000000,93.000000,93.000000,93.000000
93,93,93,93.000000,93.000000,93.000000,93.000000
93,93,93,93.000000,93.000000,93.000000,93.000000
93,93,93,93.000000,93.000000,93.000000,93.000000
93,93,93,93.000000,93.000000,93.000000,93.000000
93,93,93,93.000000,93.000000,93.000000,93.000000
93,93,93,93.000000,93.000000,93.000000,93.000000
93,93,93,93.000000,93.000000,93.000000,93.000000
93,93,93,93.000000,93.000000,93.000000,93.000000
93,93,93,93.000000,93.000000,93.000000,93.000000
93,93,93,93.000000,93.000000,93.000000,93.000000
93,93,93,93.000000,93.000000,93.000000,93.000000
93,93,93,93.000000,93.000000,93.000000,93.000000
93,93,93,93.000000,93.000000,93.000000,93.000000
93,93,93,93.000000,93.000000,93.000000,93.000000
93,93,93,93.000000,93.000000,93.000000,93.000000
93,93,93,93.000000,93.000000,93.000000,93.000000
93,93,93,93.000000,93.000000,93.000000,93.000000
93,93,93,93.000000,93.000000,93.000000,93.000000
93,93,93,93.000000,93.000000,93.000000,93.000000
93,93,93,93.000000,93.000000,93.000000,93.000000
93,93,93,16.333245,0.056667,21,1,1,12.967207,91.000000,91.000000,91.000000
91,91,91,91.000000,91.000000,91.000000,91.000000
91,91,91,91.000000,91.000000,91.000000,91.000000
91,91,91,91.000000,91.000000,91.000000,91.000000
91,91,91,91.000000,91.000000,91.000000,91.000000
91,91,91,91.000000,91.000000,91.000000,91.000000
91,91,91,91.000000,91.000000,91.000000,91.000000
91,91,91,91.000000,91.000000,91.000000,91.000000
91,91,91,91.000000,91.000000,91.000000,91.000000
91,91,91,91.000000,91.000000,91.000000,91.000000
91,91,91,91.000000,91.000000,91.000000,91.000000
91,91,91,91.000000,91.000000,91.000000,91.000000
91,91,91,91.000000,91.000000,91.000000,91.000000
91,91,91,91.000000,91.000000,91.000000,91.000000
91,91,91,91.000000,91.000000,91.000000,91.000000
91,91,91,91.000000,91.000000,91.000000,91.000000
91,91,91,91.000000,91.000000,91.000000,91.000000
91,91,91,91.000000,91.000000,91.000000,91.000000
91,91,91,91.000000,91.000000,91.000000,91.000000
91,91,91,91.000000,91.000000,91.000000,91.000000
91,91,91,91.000000,91.000000,91.000000,91.000000
91,91,91,91.000000,91.000000,91.000000,91.000000
91,91,91,91.000000,91.000000,91.000000,91.000000
91,91,91,91.000000,91.000000,91.000000,91.000000
91,91,91,91.000000,91.000000,91.000000,91.000000
91,91,91,91.000000,91.000000,91.000000,91.000000
91,91,91,91.000000,91.000000,91.000000,91.000000
91,91,91,91.000000,91.000000,91.000000,91.000000
91,91,91,91.000000,91.000000,91.000000,91.000000
91,91,91,91.000000,91.000000,91.000000,91.000000
91,91,91,91.000000,91.000000,91.000000,91.000000
91,91,91,91.000000,91.000000,91.000000,91.000000
91,91,91,91.000000,91.000000,91.000000,91.000000
91,91,91,91.000000,91.000000,91.000000,91.000000
91,91,91,91.000000,91.000000,91.000000,91.000000
91,91,91,91.000000,91.000000,91.000000,91.000000
91,91,91,91.000000,91.000000,91.000000,91.000000
91,91,91,91.000000,91.000000,91.000000,91.000000
91,91,91,91.000000,91.000000,91.000000,91.000000
91,91,91,91.000000,93.000000,93.000000,93.000000
93,93,93,93.000000,93.000000,93.000000,93.000000
93,93,93,93.000000,93.000000,93.000000,93.000000
93,93,93,93.000000,93.000000,93.000000,93.000000
93,93,93,93.000000,93.000000,93.000000,93.000000
93,93,93,93.000000,93.000000,93.000000,93.000000
93,93,93,93.000000,93.000000,93.000000,93.000000
93,93,93,93.000000,93.000000,93.000000,93.000000
93,93,93,93.000000,93.000000,93.000000,93.000000
93,93,93,93.000000,93.000000,93.000000,93.000000
93,93,93,93.000000,93.000000,93.000000,93.000000
93,93,93,93.000000,93.000000,93.000000,93.000000
93,93,93,93.000000,93.000000,93.000000,93.000000
93,93,93,93.000000,93.000000,93.000000,93.000000
93,93,93,93.000000,93.000000,93.000000,93.000000
93,93,93,93.000000,93.000000,93.000000,93.000000
93,93,93,93.000000,93.000000,93.000000,93.000000
93,93,93,93.000000,93.000000,93.000000,93.000000
93,93,93,93.000000,93.000000,93.000000,93.000000
93,93,93,93.000000,93.000000,93.000000,93.000000
93,93,93,93.000000,93.000000,93.000000,93.000000
93,93,93,93.000000,93.000000,93.000000,93.000000
93,93,93,93.000000,93.000000,93.000000,93.000000
93,93,93,93.000000,93.000000,93.000000,93.000000
93,93,93,93.000000,93.000000,93.000000,93.000000
93,93,93,93.000000,93.000000,93.000000,93.000000
93,93,93,93.000000,93.000000,93.000000,93.000000
93,93,93,93.000000,93.000000,93.000000,93.000000
93,93,93,93.000000,93.000000,93.000000,93.000000
93,93,93,93.000000,93.000000,93.000000,93.000000
93,93,93,93.000000,93.000000,93.000000,93.000000
93,93,93,93.000000,93.000000,93.000000,93.000000
93,93,93,93.000000,93.000000,93.000000,93.000000
93,93,93,93.000000,93.000000,93.000000,93.000000
93,93,93,93.000000,93.000000,93.000000,93.000000
93,93,93,93.000000,93.000000,93.000000,93.000000
93,93,93,93.000000,93.000000,93.000000,93.000000
93,93,93,93.000000,93.000000,93.000000,93.000000
93,93,93,93.000000,93.000000,93.000000,93.000000
93,93,93,93.000000,18.001249,0.090000,24,1,1,12.969385,91.000000,91.000000,91.000000
91,91,91,91.000000,91.000000,91.000000,91.000000
91,91,91,91.000000,91.000000,91.000000,91.000000
91,91,91,91.000000,91.000000,91.000000,91.000000
91,91,91,91.000000,91.000000,91.000000,91.000000
91,91,91,91.000000,91.000000,91.000000,91.000000
91,91,91,91.000000,91.000000,91.000000,91.000000
91,91,91,91.000000,91.000000,91.000000,91.000000
91,91,91,91.000000,91.000000,91.000000,91.000000
91,91,91,91.000000,91.000000,91.000000,91.000000
91,91,91,91.000000,91.000000,91.000000,91.000000
91,91,91,91.000000,91.000000,91.000000,91.000000
91,91,91,91.000000,91.000000,91.000000,91.000000
91,91,91,91.000000,91.000000,91.000000,91.000000
91,91,91,91.000000,91.000000,91.000000,91.000000
91,91,91,91.000000,91.000000,91.000000,91.000000
91,91,91,91.000000,91.000000,91.000000,91.000000
91,91,91,91.000000,91.000000,91.000000,91.000000
91,91,91,91.000000,91.000000,91.000000,91.000000
91,91,91,91.000000,91.000000,91.000000,91.000000
91,91,91,91.000000,91.000000,91.000000,91.000000
91,91,91,91.000000,91.000000,91.000000,91.000000
91,91,91,91.000000,91.000000,91.000000,91.000000
91,91,91,91.000000,91.000000,91.000000,91.000000
91,91,91,91.000000,91.000000,91.000000,91.000000
91,91,91,91.000000,91.000000,91.000000,91.000000
91,91,91,91.000000,91.000000,91.000000,91.000000
91,91,91,91.000000,91.000000,91.000000,91.000000
91,91,91,91.000000,91.000000,91.000000,91.000000
91,91,91,91.000000,91.000000,91.000000,91.000000
91,91,91,91.000000,91.000000,91.000000,91.000000
91,91,91,91.000000,91.000000,91.000000,91.000000
91,91,91,91.000000,91.000000,91.000000,91.000000
91,91,91,91.000000,91.000000,91.000000,91.000000
91,91,91,91.000000,91.000000,91.000000,91.000000
91,91,91,91.000000,91.000000,91.000000,91.000000
91,91,91,91.000000,91.000000,91.000000,91.000000
91,91,91,91.000000,91.000000,91.000000,91.000000
91,91,91,91.000000,91.000000,91.000000,91.000000
91,91,91,91.000000,91.000000,91.000000,91.000000
91,91,91,91.000000,91.000000,91.000000,91.000000
91,91,91,91.000000,91.000000,91.000000,91.000000
91,91,91,91.000000,91.000000,91.000000,91.000000
91,91,91,93.000000,93.000000,93.000000,93.000000
93,93,93,93.000000,93.000000,93.000000,93.000000
93,93,93,93.000000,93.000000,93.000000,93.000000
93,93,93,93.000000,93.000000,93.000000,93.000000
93,93,93,93.000000,93.000000,93.000000,93.000000
93,93,93,93.000000,93.000000,93.000000,93.000000
93,93,93,93.000000,93.000000,93.000000,93.000000
93,93,93,93.000000,93.000000,93.000000,93.000000
93,93,93,93.000000,93.000000,93.000000,93.000000
93,93,93,93.000000,93.000000,93.000000,93.000000
93,93,93,93.000000,93.000000,93.000000,93.000000
93,93,93,93.000000,93.000000,93.000000,93.000000
93,93,93,93.000000,93.000000,93.000000,93.000000
93,93,93,93.000000,93.000000,93.000000,93.000000
93,93,93,93.000000,93.000000,93.000000,93.000000
93,93,93,93.000000,93.000000,93.000000,93.000000
93,93,93,93.000000,93.000000,93.000000,93.000000
93,93,93,93.000000,93.000000,93.000000,93.000000
93,93,93,93.000000,93.000000,93.000000,93.000000
93,93,93,93.000000,93.000000,93.000000,93.000000
93,93,93,93.000000,93.000000,93.000000,93.000000
93,93,93,93.000000,93.000000,93.000000,93.000000
93,93,93,93.000000,93.000000,93.000000,93.000000
93,93,93,93.000000,93.000000,93.000000,93.000000
93,93,93,93.000000,93.000000,93.000000,93.000000
93,93,93,93.000000,93.000000,93.000000,93.000000
93,93,93,93.000000,93.000000,93.000000,93.000000
93,93,93,93.000000,93.000000,93.000000,93.000000
93,93,93,93.000000,93.000000,93.000000,93.000000
93,93,93,93.000000,93.000000,93.000000,93.000000
93,93,93,93.000000,93.000000,93.000000,93.000000
93,93,93,93.000000,93.000000,93.000000,93.000000
93,93,93,93.000000,93.000000,93.000000,93.000000
93,93,93,93.000000,93.000000,93.000000,93.000000
93,93,93,93.000000,93.000000,93.000000,93.000000
93,93,93,93.000000,93.000000,93.000000,93.000000
93,93,93,93.000000,93.000000,93.000000,93.000000
93,93,93,93.000000,93.000000,93.000000,93.000000
93,93,93,93.000000,93.000000,93.000000,93.000000
93,93,93,93.000000,93.000000,93.000000,93.000000
93,93,93,93.000000,93.000000,93.000000,93.000000
93,93,93,93.000000,93.000000,93.000000,93.000000
93,93,93,93.000000,93.000000,93.000000,93.000000
93,93,1.996777e+01,0.000000,24,1,5,17.375210,91.000000,91.000000,91.000000
91,91,91,91.000000,91.000000,91.000000,91.000000
91,91,91,91.000000,91.000000,91.000000,91.000000
91,91,91,91.000000,91.000000,91.000000,91.000000
91,91,91,91.000000,91.000000,91.000000,91.000000
91,91,91,91.000000,91.000000,91.000000,91.000000
91,91,91,91.000000,91.000000,91.000000,91.000000
91,91,91,91.000000,91.000000,91.000000,91.000000
91,91,91,91.000000,91.000000,91.000000,91.000000
91,91,91,91.000000,91.000000,91.000000,91.000000
91,91,91,91.000000,91.000000,91.000000,91.000000
91,91,91,91.000000,91.000000,91.000000,91.000000
91,91,91,91.000000,91.000000,91.000000,91.000000
91,91,91,91.000000,91.000000,91.000000,91.000000
91,91,91,91.000000,91.000000,91.000000,91.000000
91,91,91,91.000000,91.000000,91.000000,91.000000
91,91,91,91.000000,91.000000,91.000000,91.000000
91,91,91,91.000000,91.000000,91.000000,91.000000
91,91,91,91.000000,91.000000,91.000000,91.000000
91,91,91,91.000000,91.000000,91.000000,91.000000
91,91,91,91.000000,91.000000,91.000000,91.000000
91,91,91,91.000000,91.000000,91.000000,91.000000
91,91,91,91.000000,91.000000,91.000000,91.000000
91,91,91,91.000000,91.000000,91.000000,91.000000
91,91,91,91.000000,91.000000,91.000000,91.000000
91,91,91,91.000000,91.000000,91.000000,91.000000
91,91,91,91.000000,91.000000,91.000000,91.000000
91,91,91,91.000000,91.000000,91.000000,91.000000
91,91,91,91.000000,91.000000,91.000000,91.000000
91,91,91,91.000000,91.000000,91.000000,91.000000
91,91,91,91.000000,91.000000,91.000000,91.000000
91,91,91,91.000000,91.000000,91.000000,91.000000
91,91,91,91.000000,91.000000,91.000000,91.000000
91,91,91,91.000000,91.000000,91.000000,91.000000
91,91,91,91.000000,91.000000,91.000000,91.000000
91,91,91,91.000000,91.000000,91.000000,91.000000
91,91,93,93.000000,93.000000,93.000000,93.000000
93,93,93,93.000000,93.000000,93.000000,93.000000
93,93,93,93.000000,93.000000,93.000000,93.000000
93,93,93,93.000000,93.000000,93.000000,93.000000
93,93,93,93.000000,93.000000,93.000000,93.000000
93,93,93,93.000000,93.000000,93.000000,93.000000
93,93,93,93.000000,93.000000,93.000000,93.000000
93,93,93,93.000000,93.000000,93.000000,93.000000
93,93,93,93.000000,93.000000,93.000000,93.000000
93,93,93,93.000000,93.000000,93.000000,93.000000
93,93,93,93.000000,93.000000,93.000000,93.000000
93,93,93,93.000000,93.000000,93.000000,93.000000
93,93,93,93.000000,93.000000,93.000000,93.000000
93,93,93,93.000000,93.000000,93.000000,93.000000
93,93,93,93.000000,93.000000,93.000000,93.000000
93,93,93,93.000000,93.000000,93.000000,93.000000
93,93,93,93.000000,93.000000,93.000000,93.000000
93,93,93,93.000000,93.000000,93.000000,93.000000
93,93,93,93.000000,93.000000,93.000000,93.000000
93,93,93,93.000000,93.000000,93.000000,93.000000
93,93,93,93.000000,93.000000,93.000000,93.000000
93,93,93,93.000000,93.000000,93.000000,93.000000
93,93,93,93.000000,93.000000,93.000000,93.000000
93,93,93,93.000000,93.000000,93.000000,93.000000
93,93,93,93.000000,93.000000,93.000000,93.000000
93,93,93,93.000000,93.000000,93.000000,93.000000
93,93,93,93.000000,93.000000,93.000000,93.000000
93,93,93,93.000000,93.000000,93.000000,93.000000
93,93,93,93.000000,93.000000,93.000000,93.000000
93,93,93,93.000000,93.000000,93.000000,93.000000
93,93,93,93.000000,93.000000,93.000000,93.000000
93,93,93,93.000000,93.000000,93.000000,93.000000
93,93,93,93.000000,93.000000,93.000000,93.000000
93,93,93,93.000000,93.000000,93.000000,93.000000
93,93,93,93.000000,93.000000,93.000000,93.000000
93,93,93,93.000000,93.000000,93.000000,93.000000
2.159135e+01,1.666667e-01,27,1,1,9.706429,91.000000,91.000000,91.000000
91,91,91,91.000000,91.000000,91.000000,91.000000
91,91,91,91.000000,91.000000,91.000000,91.000000
91,91,91,91.000000,91.000000,91.000000,91.000000
91,91,91,91.000000,91.000000,91.000000,91.000000
91,91,91,91.000000,91.000000,91.000000,91.000000
91,91,91,91.000000,91.000000,91.000000,91.000000
91,91,91,91.000000,91.000000,91.000000,91.000000
91,91,91,91.000000,91.000000,91.000000,91.000000
91,91,91,91.000000,91.000000,91.000000,91.000000
91,91,91,91.000000,91.000000,91.000000,91.000000
91,91,91,91.000000,91.000000,91.000000,91.000000
91,91,91,91.000000,91.000000,91.000000,91.000000
91,91,91,91.000000,91.000000,91.000000,91.000000
91,91,91,91.000000,91.000000,91.000000,91.000000
91,91,91,91.000000,91.000000,91.000000,91.000000
91,91,91,91.000000,91.000000,91.000000,91.000000
91,91,91,91.000000,91.000000,91.000000,91.000000
91,91,91,91.000000,91.000000,91.000000,91.000000
91,91,91,91.000000,91.000000,91.000000,91.000000
91,91,91,91.000000,91.000000,91.000000,91.000000
91,91,91,91.000000,91.000000,91.000000,91.000000
91,91,91,91.000000,91.000000,91.000000,91.000000
91,91,91,91.000000,91.000000,91.000000,91.000000
91,91,91,91.000000,91.000000,91.000000,91.000000
91,91,91,91.000000,93.000000,93.000000,93.000000
93,93,93,93.000000,93.000000,93.000000,93.000000
93,93,93,93.000000,93.000000,93.000000,93.000000
93,93,93,93.000000,93.000000,93.000000,93.000000
93,93,93,93.000000,93.000000,93.000000,93.000000
93,93,93,93.000000,93.000000,93.000000,93.000000
93,93,93,93.000000,93.000000,93.000000,93.000000
93,93,93,93.000000,93.000000,93.000000,93.000000
93,93,93,93.000000,93.000000,93.000000,93.000000
93,93,93,93.000000,93.000000,93.000000,93.000000
93,93,93,93.000000,93.000000,93.000000,93.000000
93,93,93,93.000000,93.000000,93.000000,93.000000
93,93,93,93.000000,93.000000,93.000000,93.000000
93,93,93,93.000000,93.000000,93.000000,93.000000
93,93,93,93.000000,93.000000,93.000000,93.000000
93,93,93,93.000000,93.000000,93.000000,93.000000
93,93,93,93.000000,93.000000,93.000000,93.000000
93,93,93,93.000000,93.000000,93.000000,93.000000
93,93,93,93.000000,93.000000,93.000000,93.000000
93,93,93,93.000000,93.000000,93.000000,93.000000
93,93,93,93.000000,93.000000,93.000000,93.000000
93,93,93,93.000000,93.000000,93.000000,93.000000
93,93,93,93.000000,93.000000,93.000000,93.000000
93,93,93,93.000000,93.000000,93.000000,93.000000
93,93,93,93.000000,93.000000,93.000000,93.000000
93,93,93,93.000000,14.017265,0.416667,27,1,5,28.227535,91.000000,91.000000,91.000000
91,91,91,91.000000,91.000000,91.000000,91.000000
91,91,91,91.000000,91.000000,91.000000,91.000000
91,91,91,91.000000,91.000000,91.000000,91.000000
91,91,91,91.000000,91.000000,91.000000,91.000000
91,91,91,91.000000,91.000000,91.000000,91.000000
91,91,91,91.000000,91.000000,91.000000,91.000000
91,91,91,91.000000,91.000000,91.000000,91.000000
91,91,91,91.000000,91.000000,91.000000,91.000000
91,91,91,91.000000,91.000000,91.000000,91.000000
91,91,91,91.000000,91.000000,91.000000,91.000000
91,91,91,91.000000,91.000000,91.000000,91.000000
91,91,91,91.000000,91.000000,91.000000,91.000000
91,91,91,91.000000,91.000000,91.000000,91.000000
91,91,91,91.000000,91.000000,91.000000,91.000000
91,91,91,91.000000,91.000000,91.000000,91.000000
91,91,91,91.000000,91.000000,91.000000,91.000000
91,91,91,91.000000,91.000000,91.000000,91.000000
91,91,91,91.000000,91.000000,91.000000,91.000000
91,91,91,91.000000,91.000000,91.000000,91.000000
91,91,91,91.000000,91.000000,91.000000,91.000000
91,91,91,91.000000,91.000000,91.000000,91.000000
91,91,91,91.000000,91.000000,91.000000,91.000000
91,91,91,91.000000,91.000000,91.000000,91.000000
91,91,91,91.000000,91.000000,91.000000,91.000000
91,91,91,91.000000,91.000000,91.000000,91.000000
91,91,91,91.000000,91.000000,91.000000,91.000000
91,91,91,91.000000,91.000000,91.000000,91.000000
91,91,91,91.000000,91.000000,91.000000,91.000000
91,91,91,91.000000,91.000000,91.000000,91.000000
91,91,91,91.000000,91.000000,91.000000,91.000000
91,91,91,91.000000,91.000000,91.000000,91.000000
91,91,91,91.000000,91.000000,91.000000,91.000000
91,91,91,91.000000,91.000000,91.000000,91.000000
91,91,91,91.000000,91.000000,91.000000,91.000000
91,91,91,91.000000,91.000000,91.000000,91.000000
91,91,91,91.000000,91.000000,91.000000,91.000000
91,91,91,91.000000,91.000000,91.000000,91.000000
91,91,91,91.000000,91.000000,91.000000,91.000000
91,91,91,91.000000,91.000000,91.000000,91.000000
91,91,91,91.000000,91.000000,91.000000,91.000000
91,91,91,91.000000,91.000000,91.000000,91.000000
91,91,91,91.000000,91.000000,91.000000,91.000000
91,91,91,93.000000,93.000000,93.000000,93.000000
93,93,93,93.000000,93.000000,93.000000,93.000000
93,93,93,93.000000,93.000000,93.000000,93.000000
93,93,93,93.000000,93.000000,93.000000,93.000000
93,93,93,93.000000,93.000000,93.000000,93.000000
93,93,93,93.000000,93.000000,93.000000,93.000000
93,93,93,93.000000,93.000000,93.000000,93.000000
93,93,93,93.000000,93.000000,93.000000,93.000000
93,93,93,93.000000,93.000000,93.000000,93.000000
93,93,93,93.000000,93.000000,93.000000,93.000000
93,93,93,93.000000,93.000000,93.000000,93.000000
93,93,93,93.000000,93.000000,93.000000,93.000000
93,93,93,93.000000,93.000000,93.000000,93.000000
93,93,93,93.000000,93.000000,93.000000,93.000000
93,93,93,93.000000,93.000000,93.000000,93.000000
93,93,93,93.000000,93.000000,93.000000,93.000000
93,93,93,93.000000,93.000000,93.000000,93.000000
93,93,93,93.000000,93.000000,93.000000,93.000000
93,93,93,93.000000,93.000000,93.000000,93.000000
93,93,93,93.000000,93.000000,93.000000,93.000000
93,93,93,93.000000,93.000000,93.000000,93.000000
93,93,93,93.000000,93.000000,93.000000,93.000000
93,93,93,93.000000,93.000000,93.000000,93.000000
93,93,93,93.000000,93.000000,93.000000,93.000000
93,93,93,93.000000,93.000000,93.000000,93.000000
93,93,93,93.000000,93.000000,93.000000,93.000000
93,93,93,93.000000,93.000000,93.000000,93.000000
93,93,93,93.000000,93.000000,93.000000,93.000000
93,93,93,93.000000,93.000000,93.000000,93.000000
93,93,93,93.000000,93.000000,93.000000,93.000000
93,93,93,93.000000,93.000000,93.000000,93.000000
93,93,93,93.000000,93.000000,93.000000,93.000000
93,93,93,93.000000,93.000000,93.000000,93.000000
93,93,93,93.000000,93.000000,93.000000,93.000000
93,93,93,93.000000,93.000000,93.000000,93.000000
93,93,93,93.000000,93.000000,93.000000,93.000000
93,93,93,93.000000,93.000000,93.000000,93.000000
93,93,93,93.000000,93.000000,93.000000,93.000000
93,93,93,93.000000,93.000000,93.000000,93.000000
93,93,93,93.000000,93.000000,93.000000,93.000000
93,93,93,93.000000,93.000000,93.000000,93.000000
93,93,93,93.000000,93.000000,93.000000,93.000000
93,93,93,93.000000,93.000000,93.000000,93.000000
93,93,3.232885e+01,0.000000,32,1,1,20.293766,91.000000,91.000000,91.000000
91,91,91,91.000000,91.000000,91.000000,91.000000
91,91,91,91.000000,91.000000,91.000000,91.000000
91,91,91,91.000000,91.000000,91.000000,91.000000
91,91,91,91.000000,91.000000,91.000000,91.000000
91,91,91,91.000000,91.000000,91.000000,91.000000
91,91,91,91.000000,91.000000,91.000000,91.000000
91,91,91,91.000000,91.000000,91.000000,91.000000
91,91,91,91.000000,91.000000,91.000000,91.000000
91,91,91,91.000000,91.000000,91.000000,91.000000
91,91,91,91.000000,91.000000,91.000000,91.000000
91,91,91,91.000000,91.000000,91.000000,91.000000
91,91,91,91.000000,91.000000,91.000000,91.000000
91,91,91,91.000000,91.000000,91.000000,91.000000
91,91,91,91.000000,91.000000,91.000000,91.000000
91,91,91,91.000000,91.000000,91.000000,91.000000
91,91,91,91.000000,91.000000,91.000000,91.000000
91,91,91,91.000000,91.000000,91.000000,91.000000
91,91,91,91.000000,91.000000,91.000000,91.000000
91,91,91,91.000000,91.000000,91.000000,91.000000
91,91,91,91.000000,91.000000,91.000000,91.000000
91,91,91,91.000000,91.000000,91.000000,91.000000
91,91,91,91.000000,91.000000,91.000000,91.000000
91,91,91,91.000000,91.000000,91.000000,91.000000
91,91,91,91.000000,91.000000,91.000000,91.000000
91,91,91,91.000000,91.000000,91.000000,91.000000
91,91,91,91.000000,91.000000,91.000000,91.000000
91,91,91,91.000000,91.000000,91.000000,91.000000
91,91,91,91.000000,91.000000,91.000000,91.000000
91,91,91,91.000000,91.000000,91.000000,91.000000
91,91,91,91.000000,91.000000,91.000000,91.000000
91,91,91,91.000000,91.000000,91.000000,91.000000
91,91,91,91.000000,91.000000,91.000000,91.000000
91,91,91,91.000000,91.000000,91.000000,91.000000
91,91,91,91.000000,91.000000,91.000000,91.000000
91,91,91,91.000000,91.000000,91.000000,91.000000
91,91,91,91.000000,91.000000,91.000000,91.000000
91,91,91,91.000000,91.000000,91.000000,91.000000
91,91,91,91.000000,91.000000,91.000000,91.000000
91,91,91,91.000000,91.000000,91.000000,91.000000
91,91,91,91.000000,91.000000,91.000000,91.000000
91,91,91,91.000000,91.000000,91.000000,91.000000
91,91,91,91.000000,91.000000,91.000000,91.000000
91,91,91,93.000000,93.000000,93.000000,93.000000
93,93,93,93.000000,93.000000,93.000000,93.000000
93,93,93,93.000000,93.000000,93.000000,93.000000
93,93,93,93.000000,93.000000,93.000000,93.000000
93,93,93,93.000000,93.000000,93.000000,93.000000
93,93,93,93.000000,93.000000,93.000000,93.000000
93,93,93,93.000000,93.000000,93.000000,93.000000
93,93,93,93.000000,93.000000,93.000000,93.000000
93,93,93,93.000000,93.000000,93.000000,93.000000
93,93,93,93.000000,93.000000,93.000000,93.000000
93,93,93,93.000000,93.000000,93.000000,93.000000
93,93,93,93.000000,93.000000,93.000000,93.000000
93,93,93,93.000000,93.000000,93.000000,93.000000
93,93,93,93.000000,93.000000,93.000000,93.000000
93,93,93,93.000000,93.000000,93.000000,93.000000
93,93,93,93.000000,93.000000,93.000000,93.000000
93,93,93,93.000000,93.000000,93.000000,93.000000
93,93,93,93.000000,93.000000,93.000000,93.000000
93,93,93,93.000000,93.000000,93.000000,93.000000
93,93,93,93.000000,93.000000,93.000000,93.000000
93,93,93,93.000000,93.000000,93.000000,93.000000
93,93,93,93.000000,93.000000,93.000000,93.000000
93,93,93,93.000000,93.000000,93.000000,93.000000
93,93,93,93.000000,93.000000,93.000000,93.000000
93,93,93,93.000000,93.000000,93.000000,93.000000
93,93,93,93.000000,93.000000,93.000000,93.000000
93,93,93,93.000000,93.000000,93.000000,93.000000
93,93,93,93.000000,93.000000,93.000000,93.000000
93,93,93,93.000000,93.000000,93.000000,93.000000
93,93,93,93.000000,93.000000,93.000000,93.000000
93,93,93,93.000000,93.000000,93.000000,93.000000
93,93,93,93.000000,93.000000,93.000000,93.000000
93,93,93,93.000000,93.000000,93.000000,93.000000
93,93,93,93.000000,93.000000,93.000000,93.000000
93,93,93,93.000000,93.000000,93.000000,93.000000
93,93,93,93.000000,93.000000,93.000000,93.000000
93,93,93,93.000000,93.000000,93.000000,93.000000
93,93,93,93.000000,93.000000,93.000000,93.000000
93,93,93,93.000000,93.000000,93.000000,93.000000
93,93,93,93.000000,93.000000,93.000000,93.000000
93,93,93,93.000000,93.000000,93.000000,93.000000
93,93,93,93.000000,93.000000,93.000000,93.000000
93,93,93,93.000000,93.000000,93.000000,93.000000
93,93,2.339843e+01,0.000000,32,1,5,26.267517,91.000000,91.000000,91.000000
91,91,91,91.000000,91.000000,91.000000,91.000000
91,91,91,91.000000,91.000000,91.000000,91.000000
91,91,91,91.000000,91.000000,91.000000,91.000000
91,91,91,91.000000,91.000000,91.000000,91.000000
91,91,91,91.000000,91.000000,91.000000,91.000000
91,91,91,91.000000,91.000000,91.000000,91.000000
91,91,91,91.000000,91.000000,91.000000,91.000000
91,91,91,91.000000,91.000000,91.000000,91.000000
91,91,91,91.000000,91.000000,91.000000,91.000000
91,91,91,91.000000,91.000000,91.000000,91.000000
91,91,91,91.000000,91.000000,91.000000,91.000000
91,91,91,91.000000,91.000000,91.000000,91.000000
91,91,91,91.000000,91.000000,91.000000,91.000000
91,91,91,91.000000,91.000000,91.000000,91.000000
91,91,91,91.000000,91.000000,91.000000,91.000000
91,91,91,91.000000,91.000000,91.000000,91.000000
91,91,91,91.000000,91.000000,91.000000,91.000000
91,91,91,91.000000,91.000000,91.000000,91.000000
91,91,91,91.000000,91.000000,91.000000,91.000000
91,91,91,91.000000,91.000000,91.000000,91.000000
91,91,91,91.000000,91.000000,91.000000,91.000000
91,91,91,91.000000,91.000000,91.000000,91.000000
91,91,91,91.000000,91.000000,91.000000,91.000000
91,91,91,91.000000,91.000000,91.000000,91.000000
91,91,91,91.000000,91.000000,91.000000,91.000000
91,91,91,91.000000,91.000000,91.000000,91.000000
91,91,91,91.000000,91.000000,91.000000,91.000000
91,91,91,91.000000,91.000000,91.000000,91.000000
91,91,91,91.000000,91.000000,91.000000,91.000000
91,91,91,91.000000,91.000000,91.000000,91.000000
91,91,91,91.000000,91.000000,91.000000,91.000000
91,91,91,91.000000,91.000000,91.000000,91.000000
91,91,91,91.000000,91.000000,91.000000,91.000000
91,91,91,91.000000,91.000000,91.000000,91.000000
91,91,91,91.000000,91.000000,91.000000,91.000000
91,91,91,91.000000,91.000000,91.000000,91.000000
91,91,91,91.000000,91.000000,91.000000,91.000000
91,91,91,91.000000,91.000000,91.000000,91.000000
91,91,91,91.000000,91.000000,91.000000,91.000000
91,91,91,91.000000,91.000000,91.000000,91.000000
91,91,91,91.000000,91.000000,91.000000,91.000000
91,91,91,91.000000,91.000000,91.000000,91.000000
91,91,91,93.000000,93.000000,93.000000,93.000000
93,93,93,93.000000,93.000000,93.000000,93.000000
93,93,93,93.000000,93.000000,93.000000,93.000000
93,93,93,93.000000,93.000000,93.000000,93.000000
93,93,93,93.000000,93.000000,93.000000,93.000000
93,93,93,93.000000,93.000000,93.000000,93.000000
93,93,93,93.000000,93.000000,93.000000,93.000000
93,93,93,93.000000,93.000000,93.000000,93.000000
93,93,93,93.000000,93.000000,93.000000,93.000000
93,93,93,93.000000,93.000000,93.000000,93.000000
93,93,93,93.000000,93.000000,93.000000,93.000000
93,93,93,93.000000,93.000000,93.000000,93.000000
93,93,93,93.000000,93.000000,93.000000,93.000000
93,93,93,93.000000,93.000000,93.000000,93.000000
93,93,93,93.000000,93.000000,93.000000,93.000000
93,93,93,93.000000,93.000000,93.000000,93.000000
93,93,93,93.000000,93.000000,93.000000,93.000000
93,93,93,93.000000,93.000000,93.000000,93.000000
93,93,93,93.000000,93.000000,93.000000,93.000000
93,93,93,93.000000,93.000000,93.000000,93.000000
93,93,93,93.000000,93.000000,93.000000,93.000000
93,93,93,93.000000,93.000000,93.000000,93.000000
93,93,93,93.000000,93.000000,93.000000,93.000000
93,93,93,93.000000,93.000000,93.000000,93.000000
93,93,93,93.000000,93.000000,93.000000,93.000000
93,93,93,93.000000,93.000000,93.000000,93.000000
93,93,93,93.000000,93.000000,93.000000,93.000000
93,93,93,93.000000,93.000000,93.000000,93.000000
93,93,93,93.000000,93.000000,93.000000,93.000000
93,93,93,93.000000,93.000000,93.000000,93.000000
93,93,93,93.000000,93.000000,93.000000,93.000000
93,93,93,93.000000,93.000000,93.000000,93.000000
93,93,93,93.000000,93.000000,93.000000,93.000000
93,93,93,93.000000,93.000000,93.000000,93.000000
93,93,93,93.000000,93.000000,93.000000,93.000000
93,93,93,93.000000,93.000000,93.000000,93.000000
93,93,93,93.000000,93.000000,93.000000,93.000000
93,93,93,93.000000,93.000000,93.000000,93.000000
93,93,93,93.000000,93.000000,93.000000,93.000000
93,93,93,93.000000,93.000000,93.000000,93.000000
93,93,93,93.000000,93.000000,93.000000,93.000000
93,93,93,93.000000,93.000000,93.000000,93.000000
93,93,93,93.000000,93.000000,93.000000,93.000000
93,93,3.123456e+01,0.000000,11,5,1,11.833229,91.000000,91.000000,91.000000
91,91,91,91.000000,91.000000,91.000000,91.000000
91,91,91,91.000000,91.000000,91.000000,91.000000
91,91,91,91.000000,91.000000,91.000000,91.000000
91,91,91,91.000000,91.000000,91.000000,91.000000
91,91,91,91.000000,91.000000,91.000000,91.000000
91,91,91,91.000000,91.000000,91.000000,91.000000
91,91,91,91.000000,91.000000,91.000000,91.000000
91,91,91,91.000000,91.000000,91.000000,91.000000
91,91,91,91.000000,91.000000,91.000000,91.000000
91,91,91,91.000000,91.000000,91.000000,91.000000
91,91,91,91.000000,91.000000,91.000000,91.000000
91,91,91,91.000000,91.000000,91.000000,91.000000
91,91,91,91.000000,91.000000,91.000000,91.000000
91,91,91,91.000000,91.000000,91.000000,91.000000
91,91,91,91.000000,91.000000,91.000000,91.000000
91,91,91,91.000000,91.000000,91.000000,91.000000
91,91,91,91.000000,91.000000,91.000000,91.000000
91,91,91,91.000000,91.000000,91.000000,91.000000
91,91,91,91.000000,91.000000,91.000000,91.000000
91,91,91,91.000000,91.000000,91.000000,91.000000
91,91,91,91.000000,91.000000,91.000000,91.000000
91,91,91,91.000000,91.000000,91.000000,91.000000
91,91,91,91.000000,91.000000,91.000000,91.000000
91,91,91,91.000000,91.000000,91.000000,91.000000
91,91,91,91.000000,91.000000,91.000000,91.000000
91,91,91,91.000000,91.000000,91.000000,91.000000
91,91,91,91.000000,91.000000,91.000000,91.000000
91,91,91,91.000000,91.000000,91.000000,91.000000
91,91,91,91.000000,91.000000,91.000000,91.000000
91,91,91,91.000000,91.000000,91.000000,91.000000
91,91,91,91.000000,91.000000,91.000000,91.000000
91,91,91,91.000000,91.000000,91.000000,91.000000
91,91,91,91.000000,91.000000,91.000000,91.000000
91,91,91,91.000000,91.000000,91.000000,91.000000
91,91,91,91.000000,91.000000,91.000000,91.000000
91,91,91,91.000000,91.000000,91.000000,91.000000
91,91,91,91.000000,91.000000,91.000000,91.000000
91,91,91,91.000000,91.000000,91.000000,91.000000
91,91,91,91.000000,91.000000,91.000000,91.000000
91,91,91,91.000000,91.000000,91.000000,91.000000
91,91,91,91.000000,91.000000,91.000000,91.000000
91,91,91,91.000000,91.000000,91.000000,91.000000
91,91,91,93.000000,93.000000,93.000000,93.000000
93,93,93,93.000000,93.000000,93.000000,93.000000
93,93,93,93.000000,93.000000,93.000000,93.000000
93,93,93,93.000000,93.000000,93.000000,93.000000
93,93,93,93.000000,93.000000,93.000000,93.000000
93,93,93,93.000000,93.000000,93.000000,93.000000
93,93,93,93.000000,93.000000,93.000000,93.000000
93,93,93,93.000000,93.000000,93.000000,93.000000
93,93,93,93.000000,93.000000,93.000000,93.000000
93,93,93,93.000000,93.000000,93.000000,93.000000
93,93,93,93.000000,93.000000,93.000000,93.000000
93,93,93,93.000000,93.000000,93.000000,93.000000
93,93,93,93.000000,93.000000,93.000000,93.000000
93,93,93,93.000000,93.000000,93.000000,93.000000
93,93,93,93.000000,93.000000,93.000000,93.000000
93,93,93,93.000000,93.000000,93.000000,93.000000
93,93,93,93.000000,93.000000,93.000000,93.000000
93,93,93,93.000000,93.000000,93.000000,93.000000
93,93,93,93.000000,93.000000,93.000000,93.000000
93,93,93,93.000000,93.000000,93.000000,93.000000
93,93,93,93.000000,93.000000,93.000000,93.000000
93,93,93,93.000000,93.000000,93.000000,93.000000
93,93,93,93.000000,93.000000,93.000000,93.000000
93,93,93,93.000000,93.000000,93.000000,93.000000
93,93,93,93.000000,93.000000,93.000000,93.000000
93,93,93,93.000000,93.000000,93.000000,93.000000
93,93,93,93.000000,93.000000,93.000000,93.000000
93,93,93,93.000000,93.000000,93.000000,93.000000
93,93,93,93.000000,93.000000,93.000000,93.000000
93,93,93,93.000000,93.000000,93.000000,93.000000
93,93,93,93.000000,93.000000,93.000000,93.000000
93,93,93,93.000000,93.000000,93.000000,93.000000
93,93,93,93.000000,93.000000,93.000000,93.000000
93,93,93,93.000000,93.000000,93.000000,93.000000
93,93,93,93.000000,93.000000,93.000000,93.000000
93,93,93,93.000000,93.000000,93.000000,93.000000
93,93,93,93.000000,93.000000,93.000000,93.000000
93,93,93,93.000000,93.000000,93.000000,93.000000
93,93,93,93.000000,93.000000,93.000000,93.000000
93,93,93,93.000000,93.000000,93.000000,93.000000
93,93,93,93.000000,93.000000,93.000000,93.000000
93,93,93,93.000000,93.000000,93.000000,93.000000
93,93,93,93.000000,93.000000,93.000000,93.000000
93,93,1.781069e+01,0.000000,12,5,1,9.119953,91.000000,91.000000,91.000000
91,91,91,91.000000,91.000000,91.000000,91.000000
91,91,91,91.000000,91.000000,91.000000,91.000000
91,91,91,91.000000,91.000000,91.000000,91.000000
91,91,91,91.000000,91.000000,91.000000,91.000000
91,91,91,91.000000,91.000000,91.000000,91.000000
91,91,91,91.000000,91.000000,91.000000,91.000000
91,91,91,91.000000,91.000000,91.000000,91.000000
91,91,91,91.000000,91.000000,91.000000,91.000000
91,91,91,91.000000,91.000000,91.000000,91.000000
91,91,91,91.000000,91.000000,91.000000,91.000000
91,91,91,91.000000,91.000000,91.000000,91.000000
91,91,91,91.000000,91.000000,91.000000,91.000000
91,91,91,91.000000,91.000000,91.000000,91.000000
91,91,91,91.000000,91.000000,91.000000,91.000000
91,91,91,91.000000,91.000000,91.000000,91.000000
91,91,91,91.000000,91.000000,91.000000,91.000000
91,91,91,91.000000,91.000000,91.000000,91.000000
91,91,91,91.000000,91.000000,91.000000,91.000000
91,91,91,91.000000,91.000000,91.000000,91.000000
91,91,91,91.000000,91.000000,91.000000,91.000000
91,91,91,91.000000,91.000000,91.000000,91.000000
91,91,91,91.000000,91.000000,91.000000,91.000000
91,91,91,91.000000,91.000000,91.000000,91.000000
91,91,91,91.000000,91.000000,91.000000,91.000000
91,91,91,91.000000,91.000000,91.000000,91.000000
91,91,91,91.000000,91.000000,91.000000,91.000000
91,91,91,91.000000,91.000000,91.000000,91.000000
91,91,91,91.000000,91.000000,91.000000,91.000000
91,91,93,93.000000,93.000000,93.000000,93.000000
93,93,93,93.000000,93.000000,93.000000,93.000000
93,93,93,93.000000,93.000000,93.000000,93.000000
93,93,93,93.000000,93.000000,93.000000,93.000000
93,93,93,93.000000,93.000000,93.000000,93.000000
93,93,93,93.000000,93.000000,93.000000,93.000000
93,93,93,93.000000,93.000000,93.000000,93.000000
93,93,93,93.000000,93.000000,93.000000,93.000000
93,93,93,93.000000,93.000000,93.000000,93.000000
93,93,93,93.000000,93.000000,93.000000,93.000000
93,93,93,93.000000,93.000000,93.000000,93.000000
93,93,93,93.000000,93.000000,93.000000,93.000000
93,93,93,93.000000,93.000000,93.000000,93.000000
93,93,93,93.000000,93.000000,93.000000,93.000000
93,93,93,93.000000,93.000000,93.000000,93.000000
93,93,93,93.000000,93.000000,93.000000,93.000000
93,93,93,93.000000,93.000000,93.000000,93.000000
93,93,93,93.000000,93.000000,93.000000,93.000000
93,93,93,93.000000,93.000000,93.000000,93.000000
93,93,93,93.000000,93.000000,93.000000,93.000000
93,93,93,93.000000,93.000000,93.000000,93.000000
93,93,93,93.000000,93.000000,93.000000,93.000000
93,93,93,93.000000,93.000000,93.000000,93.000000
93,93,93,93.000000,93.000000,93.000000,93.000000
93,93,93,93.000000,93.000000,93.000000,93.000000
93,93,93,93.000000,93.000000,93.000000,93.000000
93,93,93,93.000000,93.000000,93.000000,93.000000
93,93,93,93.000000,93.000000,93.000000,93.000000
93,93,93,93.000000,93.000000,93.000000,93.000000
1.262574e+01,3.300000e-01,22,5,1,19.185501,91.000000,91.000000,91.000000
91,91,91,91.000000,91.000000,91.000000,91.000000
91,91,91,91.000000,91.000000,91.000000,91.000000
91,91,91,91.000000,91.000000,91.000000,91.000000
91,91,91,91.000000,91.000000,91.000000,91.000000
91,91,91,91.000000,91.000000,91.000000,91.000000
91,91,91,91.000000,91.000000,91.000000,91.000000
91,91,91,91.000000,91.000000,91.000000,91.000000
91,91,91,91.000000,91.000000,91.000000,91.000000
91,91,91,91.000000,91.000000,91.000000,91.000000
91,91,91,91.000000,91.000000,91.000000,91.000000
91,91,91,91.000000,91.000000,91.000000,91.000000
91,91,91,91.000000,91.000000,91.000000,91.000000
91,91,91,91.000000,91.000000,91.000000,91.000000
91,91,91,91.000000,91.000000,91.000000,91.000000
91,91,91,91.000000,91.000000,91.000000,91.000000
91,91,91,91.000000,91.000000,91.000000,91.000000
91,91,91,91.000000,91.000000,91.000000,91.000000
91,91,91,91.000000,91.000000,91.000000,91.000000
91,91,91,91.000000,91.000000,91.000000,91.000000
91,91,91,91.000000,91.000000,91.000000,91.000000
91,91,91,91.000000,91.000000,91.000000,91.000000
91,91,91,91.000000,91.000000,91.000000,91.000000
91,91,91,91.000000,91.000000,91.000000,91.000000
91,91,91,91.000000,91.000000,91.000000,91.000000
91,91,91,91.000000,91.000000,91.000000,91.000000
91,91,91,91.000000,91.000000,91.000000,91.000000
91,91,91,91.000000,91.000000,91.000000,91.000000
91,91,91,91.000000,91.000000,91.000000,91.000000
91,91,91,91.000000,91.000000,91.000000,91.000000
91,91,91,91.000000,91.000000,91.000000,91.000000
91,91,91,91.000000,91.000000,91.000000,91.000000
91,91,91,91.000000,91.000000,91.000000,91.000000
91,91,91,91.000000,91.000000,91.000000,91.000000
91,91,91,91.000000,91.000000,91.000000,91.000000
91,91,91,91.000000,91.000000,91.000000,91.000000
91,91,91,91.000000,91.000000,91.000000,91.000000
91,91,91,91.000000,91.000000,91.000000,91.000000
91,91,91,91.000000,91.000000,91.000000,91.000000
91,91,91,91.000000,91.000000,91.000000,91.000000
91,91,91,91.000000,91.000000,91.000000,91.000000
91,91,91,91.000000,91.000000,91.000000,91.000000
91,91,91,91.000000,91.000000,91.000000,91.000000
91,91,91,93.000000,93.000000,93.000000,93.000000
93,93,93,93.000000,93.000000,93.000000,93.000000
93,93,93,93.000000,93.000000,93.000000,93.000000
93,93,93,93.000000,93.000000,93.000000,93.000000
93,93,93,93.000000,93.000000,93.000000,93.000000
93,93,93,93.000000,93.000000,93.000000,93.000000
93,93,93,93.000000,93.000000,93.000000,93.000000
93,93,93,93.000000,93.000000,93.000000,93.000000
93,93,93,93.000000,93.000000,93.000000,93.000000
93,93,93,93.000000,93.000000,93.000000,93.000000
93,93,93,93.000000,93.000000,93.000000,93.000000
93,93,93,93.000000,93.000000,93.000000,93.000000
93,93,93,93.000000,93.000000,93.000000,93.000000
93,93,93,93.000000,93.000000,93.000000,93.000000
93,93,93,93.000000,93.000000,93.000000,93.000000
93,93,93,93.000000,93.000000,93.000000,93.000000
93,93,93,93.000000,93.000000,93.000000,93.000000
93,93,93,93.000000,93.000000,93.000000,93.000000
93,93,93,93.000000,93.000000,93.000000,93.000000
93,93,93,93.000000,93.000000,93.000000,93.000000
93,93,93,93.000000,93.000000,93.000000,93.000000
93,93,93,93.000000,93.000000,93.000000,93.000000
93,93,93,93.000000,93.000000,93.000000,93.000000
93,93,93,93.000000,93.000000,93.000000,93.000000
93,93,93,93.000000,93.000000,93.000000,93.000000
93,93,93,93.000000,93.000000,93.000000,93.000000
93,93,93,93.000000,93.000000,93.000000,93.000000
93,93,93,93.000000,93.000000,93.000000,93.000000
93,93,93,93.000000,93.000000,93.000000,93.000000
93,93,93,93.000000,93.000000,93.000000,93.000000
93,93,93,93.000000,93.000000,93.000000,93.000000
93,93,93,93.000000,93.000000,93.000000,93.000000
93,93,93,93.000000,93.000000,93.000000,93.000000
93,93,93,93.000000,93.000000,93.000000,93.000000
93,93,93,93.000000,93.000000,93.000000,93.000000
93,93,93,93.000000,93.000000,93.000000,93.000000
93,93,93,93.000000,93.000000,93.000000,93.000000
93,93,93,93.000000,93.000000,93.000000,93.000000
93,93,93,93.000000,93.000000,93.000000,93.000000
93,93,93,93.000000,93.000000,93.000000,93.000000
93,93,93,93.000000,93.000000,93.000000,93.000000
93,93,93,93.000000,93.000000,93.000000,93.000000
93,93,93,93.000000,93.000000,93.000000,93.000000
93,93,2.256021e+01,0.000000,36,5,1,9.082771,91.000000,91.000000,91.000000
91,91,91,91.000000,91.000000,91.000000,91.000000
91,91,91,91.000000,91.000000,91.000000,91.000000
91,91,91,91.000000,91.000000,91.000000,91.000000
91,91,91,91.000000,91.000000,91.000000,91.000000
91,91,91,91.000000,91.000000,91.000000,91.000000
91,91,91,91.000000,91.000000,91.000000,91.000000
91,91,91,91.000000,91.000000,91.000000,91.000000
91,91,91,91.000000,91.000000,91.000000,91.000000
91,91,91,91.000000,91.000000,91.000000,91.000000
91,91,91,91.000000,91.000000,91.000000,91.000000
91,91,91,91.000000,91.000000,91.000000,91.000000
91,91,91,91.000000,91.000000,91.000000,91.000000
91,91,91,91.000000,91.000000,91.000000,91.000000
91,91,91,91.000000,91.000000,91.000000,91.000000
91,91,91,91.000000,91.000000,91.000000,91.000000
91,91,91,91.000000,91.000000,91.000000,91.000000
91,91,91,91.000000,91.000000,91.000000,91.000000
91,91,91,91.000000,91.000000,91.000000,91.000000
91,91,91,91.000000,91.000000,91.000000,91.000000
91,91,91,91.000000,91.000000,91.000000,91.000000
91,91,91,91.000000,91.000000,91.000000,91.000000
91,91,91,91.000000,91.000000,91.000000,91.000000
91,91,91,91.000000,91.000000,91.000000,91.000000
91,91,91,91.000000,91.000000,91.000000,91.000000
91,91,91,91.000000,93.000000,93.000000,93.000000
93,93,93,93.000000,93.000000,93.000000,93.000000
93,93,93,93.000000,93.000000,93.000000,93.000000
93,93,93,93.000000,93.000000,93.000000,93.000000
93,93,93,93.000000,93.000000,93.000000,93.000000
93,93,93,93.000000,93.000000,93.000000,93.000000
93,93,93,93.000000,93.000000,93.000000,93.000000
93,93,93,93.000000,93.000000,93.000000,93.000000
93,93,93,93.000000,93.000000,93.000000,93.000000
93,93,93,93.000000,93.000000,93.000000,93.000000
93,93,93,93.000000,93.000000,93.000000,93.000000
93,93,93,93.000000,93.000000,93.000000,93.000000
93,93,93,93.000000,93.000000,93.000000,93.000000
93,93,93,93.000000,93.000000,93.000000,93.000000
93,93,93,93.000000,93.000000,93.000000,93.000000
93,93,93,93.000000,93.000000,93.000000,93.000000
93,93,93,93.000000,93.000000,93.000000,93.000000
93,93,93,93.000000,93.000000,93.000000,93.000000
93,93,93,93.000000,93.000000,93.000000,93.000000
93,93,93,93.000000,93.000000,93.000000,93.000000
93,93,93,93.000000,93.000000,93.000000,93.000000
93,93,93,93.000000,93.000000,93.000000,93.000000
93,93,93,93.000000,93.000000,93.000000,93.000000
93,93,93,93.000000,93.000000,93.000000,93.000000
93,93,93,93.000000,93.000000,93.000000,93.000000
93,93,93,93.000000,14.032189,0.416667,4,6,5,17.024483,91.000000,91.000000,91.000000
91,91,91,91.000000,91.000000,91.000000,91.000000
91,91,91,91.000000,91.000000,91.000000,91.000000
91,91,91,91.000000,91.000000,91.000000,91.000000
91,91,91,91.000000,91.000000,91.000000,91.000000
91,91,91,91.000000,91.000000,91.000000,91.000000
91,91,93,93.000000,93.000000,93.000000,93.000000
93,93,93,93.000000,93.000000,93.000000,93.000000
93,93,93,93.000000,93.000000,93.000000,93.000000
93,93,93,93.000000,93.000000,93.000000,93.000000
93,93,93,93.000000,93.000000,93.000000,93.000000
93,93,93,93.000000,93.000000,93.000000,93.000000
1.814173e+01,8.666667e-01,5,6,5,29.377668,91.000000,91.000000,91.000000
91,91,91,91.000000,91.000000,91.000000,91.000000
91,91,91,91.000000,91.000000,91.000000,91.000000
91,91,91,91.000000,91.000000,91.000000,91.000000
91,91,91,91.000000,91.000000,91.000000,91.000000
91,91,91,91.000000,91.000000,91.000000,91.000000
91,91,91,91.000000,91.000000,91.000000,91.000000
91,91,91,91.000000,91.000000,91.000000,91.000000
91,91,91,91.000000,91.000000,91.000000,91.000000
91,91,91,91.000000,91.000000,91.000000,91.000000
91,91,91,91.000000,91.000000,91.000000,91.000000
91,91,91,91.000000,91.000000,91.000000,91.000000
91,91,91,91.000000,91.000000,91.000000,91.000000
91,91,91,91.000000,91.000000,91.000000,91.000000
91,91,91,91.000000,91.000000,91.000000,91.000000
91,91,91,91.000000,91.000000,91.000000,91.000000
91,91,91,91.000000,91.000000,91.000000,91.000000
91,91,91,91.000000,91.000000,91.000000,91.000000
91,91,91,91.000000,91.000000,91.000000,91.000000
91,91,91,91.000000,91.000000,91.000000,91.000000
91,91,91,91.000000,91.000000,91.000000,91.000000
91,91,91,91.000000,91.000000,91.000000,91.000000
91,91,91,91.000000,91.000000,91.000000,91.000000
91,91,91,91.000000,91.000000,91.000000,91.000000
91,91,91,91.000000,91.000000,91.000000,91.000000
91,91,91,91.000000,91.000000,91.000000,91.000000
91,91,91,91.000000,91.000000,91.000000,91.000000
91,91,91,91.000000,91.000000,91.000000,91.000000
91,91,91,91.000000,91.000000,91.000000,91.000000
91,91,91,91.000000,91.000000,91.000000,91.000000
91,91,91,91.000000,91.000000,91.000000,91.000000
91,91,91,91.000000,91.000000,91.000000,91.000000
91,91,91,91.000000,91.000000,91.000000,91.000000
91,91,91,91.000000,91.000000,91.000000,91.000000
91,91,91,91.000000,91.000000,91.000000,91.000000
91,91,91,91.000000,91.000000,91.000000,91.000000
91,91,91,91.000000,91.000000,91.000000,91.000000
91,91,91,91.000000,91.000000,91.000000,91.000000
91,91,91,91.000000,91.000000,91.000000,91.000000
91,91,91,91.000000,91.000000,91.000000,91.000000
91,91,91,91.000000,91.000000,91.000000,91.000000
91,91,91,91.000000,91.000000,91.000000,91.000000
91,91,91,91.000000,91.000000,91.000000,91.000000
91,91,91,93.000000,93.000000,93.000000,93.000000
93,93,93,93.000000,93.000000,93.000000,93.000000
93,93,93,93.000000,93.000000,93.000000,93.000000
93,93,93,93.000000,93.000000,93.000000,93.000000
93,93,93,93.000000,93.000000,93.000000,93.000000
93,93,93,93.000000,93.000000,93.000000,93.000000
93,93,93,93.000000,93.000000,93.000000,93.000000
93,93,93,93.000000,93.000000,93.000000,93.000000
93,93,93,93.000000,93.000000,93.000000,93.000000
93,93,93,93.000000,93.000000,93.000000,93.000000
93,93,93,93.000000,93.000000,93.000000,93.000000
93,93,93,93.000000,93.000000,93.000000,93.000000
93,93,93,93.000000,93.000000,93.000000,93.000000
93,93,93,93.000000,93.000000,93.000000,93.000000
93,93,93,93.000000,93.000000,93.000000,93.000000
93,93,93,93.000000,93.000000,93.000000,93.000000
93,93,93,93.000000,93.000000,93.000000,93.000000
93,93,93,93.000000,93.000000,93.000000,93.000000
93,93,93,93.000000,93.000000,93.000000,93.000000
93,93,93,93.000000,93.000000,93.000000,93.000000
93,93,93,93.000000,93.000000,93.000000,93.000000
93,93,93,93.000000,93.000000,93.000000,93.000000
93,93,93,93.000000,93.000000,93.000000,93.000000
93,93,93,93.000000,93.000000,93.000000,93.000000
93,93,93,93.000000,93.000000,93.000000,93.000000
93,93,93,93.000000,93.000000,93.000000,93.000000
93,93,93,93.000000,93.000000,93.000000,93.000000
93,93,93,93.000000,93.000000,93.000000,93.000000
93,93,93,93.000000,93.000000,93.000000,93.000000
93,93,93,93.000000,93.000000,93.000000,93.000000
93,93,93,93.000000,93.000000,93.000000,93.000000
93,93,93,93.000000,93.000000,93.000000,93.000000
93,93,93,93.000000,93.000000,93.000000,93.000000
93,93,93,93.000000,93.000000,93.000000,93.000000
93,93,93,93.000000,93.000000,93.000000,93.000000
93,93,93,93.000000,93.000000,93.000000,93.000000
93,93,93,93.000000,93.000000,93.000000,93.000000
93,93,93,93.000000,93.000000,93.000000,93.000000
93,93,93,93.000000,93.000000,93.000000,93.000000
93,93,93,93.000000,93.000000,93.000000,93.000000
93,93,93,93.000000,93.000000,93.000000,93.000000
93,93,93,93.000000,93.000000,93.000000,93.000000
93,93,93,93.000000,93.000000,93.000000,93.000000
93,93,3.252912e+01,0.000000,9,6,5,17.035774,91.000000,91.000000,91.000000
91,91,91,91.000000,91.000000,91.000000,91.000000
91,91,91,91.000000,91.000000,91.000000,91.000000
91,91,91,91.000000,91.000000,91.000000,91.000000
91,91,91,91.000000,91.000000,91.000000,91.000000
91,91,91,91.000000,91.000000,91.000000,91.000000
91,91,91,91.000000,91.000000,91.000000,91.000000
91,91,91,91.000000,91.000000,91.000000,91.000000
91,91,91,91.000000,91.000000,91.000000,91.000000
91,91,91,91.000000,91.000000,91.000000,91.000000
91,91,91,91.000000,91.000000,91.000000,91.000000
91,91,91,91.000000,91.000000,91.000000,91.000000
91,91,91,91.000000,91.000000,91.000000,91.000000
91,91,91,91.000000,91.000000,91.000000,91.000000
91,91,91,91.000000,91.000000,91.000000,91.000000
91,91,91,91.000000,91.000000,91.000000,91.000000
91,91,91,91.000000,91.000000,91.000000,91.000000
91,91,91,91.000000,91.000000,91.000000,91.000000
91,91,91,91.000000,91.000000,91.000000,91.000000
91,91,91,91.000000,91.000000,91.000000,91.000000
91,91,91,91.000000,91.000000,91.000000,91.000000
91,91,91,91.000000,91.000000,91.000000,91.000000
91,91,91,91.000000,91.000000,91.000000,91.000000
91,91,91,91.000000,91.000000,91.000000,91.000000
91,91,91,91.000000,91.000000,91.000000,91.000000
91,91,91,91.000000,91.000000,91.000000,91.000000
91,91,91,91.000000,91.000000,91.000000,91.000000
91,91,91,91.000000,91.000000,91.000000,91.000000
91,91,91,91.000000,91.000000,91.000000,91.000000
91,91,91,91.000000,91.000000,91.000000,91.000000
91,91,91,91.000000,91.000000,91.000000,91.000000
91,91,91,91.000000,91.000000,91.000000,91.000000
91,91,91,91.000000,91.000000,91.000000,91.000000
91,91,91,91.000000,91.000000,91.000000,91.000000
91,91,91,91.000000,91.000000,91.000000,91.000000
91,91,91,91.000000,91.000000,91.000000,91.000000
91,91,91,91.000000,91.000000,91.000000,91.000000
91,91,91,91.000000,91.000000,91.000000,91.000000
91,91,91,91.000000,91.000000,91.000000,91.000000
91,91,91,91.000000,91.000000,91.000000,91.000000
91,91,91,91.000000,91.000000,91.000000,91.000000
91,91,91,91.000000,91.000000,91.000000,91.000000
91,91,91,91.000000,91.000000,91.000000,93.000000
93,93,93,93.000000,93.000000,93.000000,93.000000
93,93,93,93.000000,93.000000,93.000000,93.000000
93,93,93,93.000000,93.000000,93.000000,93.000000
93,93,93,93.000000,93.000000,93.000000,93.000000
93,93,93,93.000000,93.000000,93.000000,93.000000
93,93,93,93.000000,93.000000,93.000000,93.000000
93,93,93,93.000000,93.000000,93.000000,93.000000
93,93,93,93.000000,93.000000,93.000000,93.000000
93,93,93,93.000000,93.000000,93.000000,93.000000
93,93,93,93.000000,93.000000,93.000000,93.000000
93,93,93,93.000000,93.000000,93.000000,93.000000
93,93,93,93.000000,93.000000,93.000000,93.000000
93,93,93,93.000000,93.000000,93.000000,93.000000
93,93,93,93.000000,93.000000,93.000000,93.000000
93,93,93,93.000000,93.000000,93.000000,93.000000
93,93,93,93.000000,93.000000,93.000000,93.000000
93,93,93,93.000000,93.000000,93.000000,93.000000
93,93,93,93.000000,93.000000,93.000000,93.000000
93,93,93,93.000000,93.000000,93.000000,93.000000
93,93,93,93.000000,93.000000,93.000000,93.000000
93,93,93,93.000000,93.000000,93.000000,93.000000
93,93,93,93.000000,93.000000,93.000000,93.000000
93,93,93,93.000000,93.000000,93.000000,93.000000
93,93,93,93.000000,93.000000,93.000000,93.000000
93,93,93,93.000000,93.000000,93.000000,93.000000
93,93,93,93.000000,93.000000,93.000000,93.000000
93,93,93,93.000000,93.000000,93.000000,93.000000
93,93,93,93.000000,93.000000,93.000000,93.000000
93,93,93,93.000000,93.000000,93.000000,93.000000
93,93,93,93.000000,93.000000,93.000000,93.000000
93,93,93,93.000000,93.000000,93.000000,93.000000
93,93,93,93.000000,93.000000,93.000000,93.000000
93,93,93,93.000000,93.000000,93.000000,93.000000
93,93,93,93.000000,93.000000,93.000000,93.000000
93,93,93,93.000000,93.000000,93.000000,93.000000
93,93,93,93.000000,93.000000,93.000000,93.000000
93,93,93,93.000000,93.000000,93.000000,93.000000
93,93,93,93.000000,93.000000,93.000000,93.000000
93,93,93,93.000000,93.000000,93.000000,93.000000
93,93,93,93.000000,93.000000,93.000000,93.000000
93,93,93,93.000000,93.000000,93.000000,93.000000
93,93,93,93.000000,93.000000,93.000000,93.000000
93,2.079702e+01,1.333333e-02,36,6,5,25.785818,91.000000,91.000000,91.000000
91,91,91,91.000000,91.000000,91.000000,91.000000
91,91,91,91.000000,91.000000,91.000000,91.000000
91,91,91,91.000000,91.000000,91.000000,91.000000
91,91,91,91.000000,91.000000,91.000000,91.000000
91,91,91,91.000000,91.000000,91.000000,91.000000
91,91,91,91.000000,91.000000,91.000000,91.000000
91,91,91,91.000000,91.000000,91.000000,91.000000
91,91,91,91.000000,91.000000,91.000000,91.000000
91,91,91,91.000000,91.000000,91.000000,91.000000
91,91,91,91.000000,91.000000,91.000000,91.000000
91,91,91,91.000000,91.000000,91.000000,91.000000
91,91,91,91.000000,91.000000,91.000000,91.000000
91,91,91,91.000000,91.000000,91.000000,91.000000
91,91,91,91.000000,91.000000,91.000000,91.000000
91,91,91,91.000000,91.000000,91.000000,91.000000
91,91,91,91.000000,91.000000,91.000000,91.000000
91,91,91,91.000000,91.000000,91.000000,91.000000
91,91,91,91.000000,91.000000,91.000000,91.000000
91,91,91,91.000000,91.000000,91.000000,91.000000
91,91,91,91.000000,91.000000,91.000000,91.000000
91,91,91,91.000000,91.000000,91.000000,91.000000
91,91,91,91.000000,91.000000,91.000000,91.000000
91,91,91,91.000000,91.000000,91.000000,91.000000
91,91,91,91.000000,91.000000,91.000000,91.000000
91,91,91,91.000000,91.000000,91.000000,91.000000
91,91,91,91.000000,91.000000,91.000000,91.000000
91,91,91,91.000000,91.000000,91.000000,91.000000
91,91,91,91.000000,91.000000,91.000000,91.000000
91,91,91,91.000000,91.000000,91.000000,91.000000
91,91,91,91.000000,91.000000,91.000000,91.000000
91,91,91,91.000000,91.000000,91.000000,91.000000
91,91,91,91.000000,91.000000,91.000000,91.000000
91,91,91,91.000000,91.000000,91.000000,91.000000
91,91,91,91.000000,91.000000,91.000000,91.000000
91,91,91,91.000000,91.000000,91.000000,91.000000
91,91,91,91.000000,91.000000,91.000000,91.000000
91,91,91,91.000000,91.000000,91.000000,91.000000
91,91,91,91.000000,91.000000,91.000000,91.000000
91,91,91,91.000000,91.000000,91.000000,91.000000
91,91,91,91.000000,91.000000,91.000000,91.000000
91,91,91,91.000000,91.000000,91.000000,91.000000
91,91,91,91.000000,91.000000,91.000000,91.000000
91,91,91,93.000000,93.000000,93.000000,93.000000
93,93,93,93.000000,93.000000,93.000000,93.000000
93,93,93,93.000000,93.000000,93.000000,93.000000
93,93,93,93.000000,93.000000,93.000000,93.000000
93,93,93,93.000000,93.000000,93.000000,93.000000
93,93,93,93.000000,93.000000,93.000000,93.000000
93,93,93,93.000000,93.000000,93.000000,93.000000
93,93,93,93.000000,93.000000,93.000000,93.000000
93,93,93,93.000000,93.000000,93.000000,93.000000
93,93,93,93.000000,93.000000,93.000000,93.000000
93,93,93,93.000000,93.000000,93.000000,93.000000
93,93,93,93.000000,93.000000,93.000000,93.000000
93,93,93,93.000000,93.000000,93.000000,93.000000
93,93,93,93.000000,93.000000,93.000000,93.000000
93,93,93,93.000000,93.000000,93.000000,93.000000
93,93,93,93.000000,93.000000,93.000000,93.000000
93,93,93,93.000000,93.000000,93.000000,93.000000
93,93,93,93.000000,93.000000,93.000000,93.000000
93,93,93,93.000000,93.000000,93.000000,93.000000
93,93,93,93.000000,93.000000,93.000000,93.000000
93,93,93,93.000000,93.000000,93.000000,93.000000
93,93,93,93.000000,93.000000,93.000000,93.000000
93,93,93,93.000000,93.000000,93.000000,93.000000
93,93,93,93.000000,93.000000,93.000000,93.000000
93,93,93,93.000000,93.000000,93.000000,93.000000
93,93,93,93.000000,93.000000,93.000000,93.000000
93,93,93,93.000000,93.000000,93.000000,93.000000
93,93,93,93.000000,93.000000,93.000000,93.000000
93,93,93,93.000000,93.000000,93.000000,93.000000
93,93,93,93.000000,93.000000,93.000000,93.000000
93,93,93,93.000000,93.000000,93.000000,93.000000
93,93,93,93.000000,93.000000,93.000000,93.000000
93,93,93,93.000000,93.000000,93.000000,93.000000
93,93,93,93.000000,93.000000,93.000000,93.000000
93,93,93,93.000000,93.000000,93.000000,93.000000
93,93,93,93.000000,93.000000,93.000000,93.000000
93,93,93,93.000000,93.000000,93.000000,93.000000
93,93,93,93.000000,93.000000,93.000000,93.000000
93,93,93,93.000000,93.000000,93.000000,93.000000
93,93,93,93.000000,93.000000,93.000000,93.000000
93,93,93,93.000000,93.000000,93.000000,93.000000
93,93,93,93.000000,93.000000,93.000000,93.000000
93,93,93,93.000000,93.000000,93.000000,93.000000
93,93,2.910871e+01,0.000000,